{"norm": 0, "train_cls_loss_LTF_Traffic_p720": 0.7341597676277161, "train_mask_loss_LTF_Traffic_p720": 0.7504328489303589, "train_sum_loss_LTF_Traffic_p720": 0.000724898767657578, "loss_avg": 1.0393848411903652, "_timestamp": 1715854906.330176, "_runtime": 10956.789402008057, "_step": 10082, "train_cls_loss_CLS_SpokenArabicDigits": 0.6297008395195007, "train_mask_loss_CLS_SpokenArabicDigits": 0.6316817402839661, "train_sum_loss_CLS_SpokenArabicDigits": 0.009854551404714584, "train_cls_loss_NN5_p112": 0.8400955200195312, "train_mask_loss_NN5_p112": 0.8449733853340149, "train_sum_loss_NN5_p112": 0.013164600357413292, "train_cls_loss_LTF_Weather_p336": 0.39830610156059265, "train_mask_loss_LTF_Weather_p336": 0.3999204933643341, "train_sum_loss_LTF_Weather_p336": 0.00623614527285099, "train_cls_loss_LTF_Weather_p192": 0.303366094827652, "train_mask_loss_LTF_Weather_p192": 0.30045875906944275, "train_sum_loss_LTF_Weather_p192": 0.0047173816710710526, "train_cls_loss_CLS_FaceDetection": 0.7192091941833496, "train_mask_loss_CLS_FaceDetection": 0.7186183929443359, "train_sum_loss_CLS_FaceDetection": 0.011233028024435043, "train_cls_loss_LTF_Traffic_p192": 0.5716419816017151, "train_mask_loss_LTF_Traffic_p192": 0.5697691440582275, "train_sum_loss_LTF_Traffic_p192": 0.0011146592441946268, "train_cls_loss_LTF_ETTh1_p720": 0.36786964535713196, "train_mask_loss_LTF_ETTh1_p720": 0.3686631917953491, "train_sum_loss_LTF_ETTh1_p720": 0.005754162557423115, "train_cls_loss_CLS_SelfRegulationSCP2": 0.1969006061553955, "train_mask_loss_CLS_SelfRegulationSCP2": 0.2004200518131256, "train_sum_loss_CLS_SelfRegulationSCP2": 0.0031040676403790712, "train_cls_loss_LTF_ECL_p336": 0.2570059299468994, "train_mask_loss_LTF_ECL_p336": 0.2527596056461334, "train_sum_loss_LTF_ECL_p336": 0.0009956357534974813, "train_cls_loss_LTF_Traffic_p336": 0.4633571207523346, "train_mask_loss_LTF_Traffic_p336": 0.4598541855812073, "train_sum_loss_LTF_Traffic_p336": 0.0009015735704451799, "train_cls_loss_LTF_Weather_p96": 0.3514392077922821, "train_mask_loss_LTF_Weather_p96": 0.3501100540161133, "train_sum_loss_LTF_Weather_p96": 0.005480853840708733, "train_cls_loss_CLS_UWaveGestureLibrary": 0.4758020341396332, "train_mask_loss_CLS_UWaveGestureLibrary": 0.47303760051727295, "train_sum_loss_CLS_UWaveGestureLibrary": 0.007412809878587723, "train_cls_loss_CLS_JapaneseVowels": 0.315311998128891, "train_mask_loss_CLS_JapaneseVowels": 0.3131932318210602, "train_sum_loss_CLS_JapaneseVowels": 0.0049101971089839935, "train_cls_loss_LTF_ECL_p192": 0.2320447862148285, "train_mask_loss_LTF_ECL_p192": 0.22576211392879486, "train_sum_loss_LTF_ECL_p192": 0.0008941540727391839, "train_cls_loss_LTF_ETTh1_p96": 0.29848557710647583, "train_mask_loss_LTF_ETTh1_p96": 0.29851749539375305, "train_sum_loss_LTF_ETTh1_p96": 0.004664086736738682, "train_cls_loss_CLS_PEMS-SF": 0.30666932463645935, "train_mask_loss_CLS_PEMS-SF": 0.30640438199043274, "train_sum_loss_CLS_PEMS-SF": 0.0011974095832556486, "train_cls_loss_LTF_Exchange_p192": 0.05256445333361626, "train_mask_loss_LTF_Exchange_p192": 0.05257444456219673, "train_sum_loss_LTF_Exchange_p192": 0.000821397639811039, "train_cls_loss_LTF_ILI_p60": 0.5192763209342957, "train_mask_loss_LTF_ILI_p60": 0.516110360622406, "train_sum_loss_LTF_ILI_p60": 0.008088958449661732, "train_cls_loss_LTF_Traffic_p96": 0.6048455834388733, "train_mask_loss_LTF_Traffic_p96": 0.6039213538169861, "train_sum_loss_LTF_Traffic_p96": 0.0023608729243278503, "train_cls_loss_LTF_Weather_p720": 0.3329053223133087, "train_mask_loss_LTF_Weather_p720": 0.33408376574516296, "train_sum_loss_LTF_Weather_p720": 0.00521085225045681, "train_cls_loss_LTF_ECL_p96": 0.29967352747917175, "train_mask_loss_LTF_ECL_p96": 0.29418638348579407, "train_sum_loss_LTF_ECL_p96": 0.0023197652772068977, "train_cls_loss_LTF_ETTh1_p192": 0.25578221678733826, "train_mask_loss_LTF_ETTh1_p192": 0.2544158101081848, "train_sum_loss_LTF_ETTh1_p192": 0.00398592185229063, "train_cls_loss_LTF_ECL_p720": 0.48702695965766907, "train_mask_loss_LTF_ECL_p720": 0.48681411147117615, "train_sum_loss_LTF_ECL_p720": 0.0019020333420485258, "train_cls_loss_LTF_ETTh1_p336": 0.2961433529853821, "train_mask_loss_LTF_ETTh1_p336": 0.2969333529472351, "train_sum_loss_LTF_ETTh1_p336": 0.004633411765098572, "train_cls_loss_LTF_Exchange_p336": 0.060413770377635956, "train_mask_loss_LTF_Exchange_p336": 0.060292139649391174, "train_sum_loss_LTF_Exchange_p336": 0.0009430149220861495, "train_cls_loss_CLS_Heartbeat": 0.17404267191886902, "train_mask_loss_CLS_Heartbeat": 0.17360372841358185, "train_sum_loss_CLS_Heartbeat": 0.0027159876190125942, "_wandb": {"runtime": 10956}}